region_name,team_name,level,parent_city,lat,lon,population_10k,gdp_100m,urban_population_10k,gdp_per_capita,road_km,expressway_km,passenger_volume_10k,rail_transit_passenger_10k,auto_count,sports_venue_count,has_rail_station,nearest_airport,nearest_airport_km,stadium_name,stadium_capacity,population_score,gdp_score,transport_score,football_score,sports_base_score,data_year,source_url,data_quality,notes
杭州市,杭州市队,city,杭州,30.2741,120.1551,1137.4999999999998,20345.99,992.8000000000001,178866.0,9667.0,553.0,489.0,,4108643.0,37925,杭州东站/杭州西站/杭州南站/杭州站,杭州萧山国际机场,27,杭州奥体中心体育场（大莲花）,80000,5.0,5.0,4.7751,5.0,5.0,2024,https://zjjcmspublicnew.oss-cn-hangzhou-zwynet-d01-a.internet.cloud.zj.gov.cn/cms_files/jcms1/web3077/site/flash/tjj/Reports1/2025%E6%B5%99%E6%B1%9F%E7%BB%9F%E8%AE%A1%E5%B9%B4%E9%89%B4/indexcn.html,A_core; aux_verified,A-grade yearbook core indicators; rail/airport/stadium fields from manual lookup; aux_quality=verified; 亚运主会场；另有黄龙体育中心(51971座)
建德市,建德市队,county,杭州,29.4748,119.2812,44.4,460.36,24.4,103801.0,2167.0,141.0,959.0,,123512.0,2208,建德站,杭州萧山国际机场,150,建德市新安江体育馆,3008,2.4409,2.0716,3.8903,2.4195,2.6199,2024,https://zjjcmspublicnew.oss-cn-hangzhou-zwynet-d01-a.internet.cloud.zj.gov.cn/cms_files/jcms1/web3077/site/flash/tjj/Reports1/2025%E6%B5%99%E6%B1%9F%E7%BB%9F%E8%AE%A1%E5%B9%B4%E9%89%B4/indexcn.html,A_core; aux_verified,A-grade yearbook core indicators; rail/airport/stadium fields from manual lookup; aux_quality=verified; 杭黄高铁经停
桐庐县,桐庐县队,county,杭州,29.7932,119.6915,46.1,502.06,33.2,109143.0,1897.0,66.0,346.0,,150787.0,2352,桐庐站/桐庐东站,杭州萧山国际机场,110,桐庐县体育馆,2704,2.4701,2.1385,3.5857,2.4756,2.6728,2024,https://zjjcmspublicnew.oss-cn-hangzhou-zwynet-d01-a.internet.cloud.zj.gov.cn/cms_files/jcms1/web3077/site/flash/tjj/Reports1/2025%E6%B5%99%E6%B1%9F%E7%BB%9F%E8%AE%A1%E5%B9%B4%E9%89%B4/indexcn.html,A_core; aux_verified,A-grade yearbook core indicators; rail/airport/stadium fields from manual lookup; aux_quality=verified; 杭黄高铁经停；另有亚运马术中心(~3100座)
淳安县,淳安县队,county,杭州,29.6085,119.0420,32.0,294.85,17.4,91997.0,2807.0,64.0,620.0,,90426.0,1837,千岛湖站,杭州萧山国际机场,160,淳安界首体育中心自行车馆,3040,2.1875,1.728,3.6979,2.2787,2.466,2024,https://zjjcmspublicnew.oss-cn-hangzhou-zwynet-d01-a.internet.cloud.zj.gov.cn/cms_files/jcms1/web3077/site/flash/tjj/Reports1/2025%E6%B5%99%E6%B1%9F%E7%BB%9F%E8%AE%A1%E5%B9%B4%E9%89%B4/indexcn.html,A_core; aux_verified,A-grade yearbook core indicators; rail/airport/stadium fields from manual lookup; aux_quality=verified; 杭黄高铁经停；亚运自行车/铁三场地
宁波市,宁波市队,city,宁波,29.8683,121.5440,533.07,11525.11,446.55,216203.0,4463.0,335.0,1448.0,,2120887.0,14743,宁波站,宁波栎社国际机场,12,宁波富邦体育场,30000,4.3988,4.5605,4.6253,4.1189,4.2091,2024,https://zjjcmspublicnew.oss-cn-hangzhou-zwynet-d01-a.internet.cloud.zj.gov.cn/cms_files/jcms1/web3077/site/flash/tjj/Reports1/2025%E6%B5%99%E6%B1%9F%E7%BB%9F%E8%AE%A1%E5%B9%B4%E9%89%B4/indexcn.html,A_core; aux_verified,A-grade yearbook core indicators; rail/airport/stadium fields from manual lookup; aux_quality=verified; 杭甬高铁终点
余姚市,余姚市队,county,宁波,30.0371,121.1546,126.66,1682.78,104.92,132921.0,2050.0,65.0,50.0,,462650.0,3798,余姚北站/余姚站,宁波栎社国际机场,58,余姚市公共体育中心（新建中）,18000,3.262,3.0728,3.4159,2.8722,3.0738,2024,https://zjjcmspublicnew.oss-cn-hangzhou-zwynet-d01-a.internet.cloud.zj.gov.cn/cms_files/jcms1/web3077/site/flash/tjj/Reports1/2025%E6%B5%99%E6%B1%9F%E7%BB%9F%E8%AE%A1%E5%B9%B4%E9%89%B4/indexcn.html,A_core; aux_verified(在建),A-grade yearbook core indicators; rail/airport/stadium fields from manual lookup; aux_quality=verified(在建); 杭甬高铁经停；余姚长期缺大型场馆
慈溪市,慈溪市队,county,宁波,30.1700,121.2665,188.86,2928.64,154.38,155738.0,1680.0,126.0,151.0,,649708.0,6676,余姚北站(最近),宁波栎社国际机场,66,慈溪市体育中心体育场,16000,3.5773,3.5012,3.715,3.3903,3.5459,2024,https://zjjcmspublicnew.oss-cn-hangzhou-zwynet-d01-a.internet.cloud.zj.gov.cn/cms_files/jcms1/web3077/site/flash/tjj/Reports1/2025%E6%B5%99%E6%B1%9F%E7%BB%9F%E8%AE%A1%E5%B9%B4%E9%89%B4/indexcn.html,A_core; aux_verified,A-grade yearbook core indicators; rail/airport/stadium fields from manual lookup; aux_quality=verified; 中甲宁波FC主场；体育馆(5821座)
象山县,象山县队,county,宁波,29.4767,121.8693,57.87,942.99,37.39,163146.0,1590.0,67.0,422.0,,196913.0,2828,无铁路客运站,宁波栎社国际机场,70,象山县体育馆已拆除,,2.6472,2.6253,3.6185,2.6318,2.827,2024,https://zjjcmspublicnew.oss-cn-hangzhou-zwynet-d01-a.internet.cloud.zj.gov.cn/cms_files/jcms1/web3077/site/flash/tjj/Reports1/2025%E6%B5%99%E6%B1%9F%E7%BB%9F%E8%AE%A1%E5%B9%B4%E9%89%B4/indexcn.html,A_core; aux_verified,A-grade yearbook core indicators; rail/airport/stadium fields from manual lookup; aux_quality=verified; 2023年原体育馆拆除；亚运沙排基地(2000座)
宁海县,宁海县队,county,宁波,29.2889,121.4296,71.27,1068.04,47.26,150111.0,1663.0,72.0,38.0,,233528.0,2886,宁海站,宁波栎社国际机场,76,宁海县第一职业中学体育场,5000,2.8101,2.7215,3.2553,2.6386,2.844,2024,https://zjjcmspublicnew.oss-cn-hangzhou-zwynet-d01-a.internet.cloud.zj.gov.cn/cms_files/jcms1/web3077/site/flash/tjj/Reports1/2025%E6%B5%99%E6%B1%9F%E7%BB%9F%E8%AE%A1%E5%B9%B4%E9%89%B4/indexcn.html,A_core; aux_verified,A-grade yearbook core indicators; rail/airport/stadium fields from manual lookup; aux_quality=verified; 甬台温铁路经停；体育馆1200座
温州市,温州市队,city,温州,27.9938,120.6994,316.73,3687.3,286.74,116418.0,1526.0,116.0,1351.0,2656.0,27351.0,10940,温州南站/温州站,温州龙湾国际机场,25,温州奥体中心体育场（大龙眼）,50000,3.9863,3.6792,4.9933,3.8445,3.9593,2024,https://zjjcmspublicnew.oss-cn-hangzhou-zwynet-d01-a.internet.cloud.zj.gov.cn/cms_files/jcms1/web3077/site/flash/tjj/Reports1/2025%E6%B5%99%E6%B1%9F%E7%BB%9F%E8%AE%A1%E5%B9%B4%E9%89%B4/indexcn.html,A_core; aux_verified,A-grade yearbook core indicators; rail/airport/stadium fields from manual lookup; aux_quality=verified; 亚运足球小组赛场地
瑞安市,瑞安市队,county,温州,27.7784,120.6552,154.48,1451.98,108.54,94285.0,1889.0,90.0,686.0,258.0,463834.0,5167,瑞安站,温州龙湾国际机场,30,瑞安市体育中心体育场,1258,3.4186,2.9588,4.8454,3.155,3.3315,2024,https://zjjcmspublicnew.oss-cn-hangzhou-zwynet-d01-a.internet.cloud.zj.gov.cn/cms_files/jcms1/web3077/site/flash/tjj/Reports1/2025%E6%B5%99%E6%B1%9F%E7%BB%9F%E8%AE%A1%E5%B9%B4%E9%89%B4/indexcn.html,A_core; aux_verified,A-grade yearbook core indicators; rail/airport/stadium fields from manual lookup; aux_quality=verified; 沿海高铁经停；体育馆(3183座)
乐清市,乐清市队,county,温州,28.1125,120.9839,148.48,1858.5,102.69,125532.0,1421.0,99.0,200.0,350.0,401677.0,5266,乐清站/乐清东站,温州龙湾国际机场,45,乐清市体育中心体育场,15000,3.3874,3.1496,4.6246,3.1738,3.3473,2024,https://zjjcmspublicnew.oss-cn-hangzhou-zwynet-d01-a.internet.cloud.zj.gov.cn/cms_files/jcms1/web3077/site/flash/tjj/Reports1/2025%E6%B5%99%E6%B1%9F%E7%BB%9F%E8%AE%A1%E5%B9%B4%E9%89%B4/indexcn.html,A_core; aux_verified,A-grade yearbook core indicators; rail/airport/stadium fields from manual lookup; aux_quality=verified; 沿海高铁经停
龙港市,龙港市队,county,温州,27.5784,120.5528,47.68,443.73,46.85,93515.0,240.0,14.0,10.0,,96740.0,1219,苍南站(最近),温州龙湾国际机场,60,龙港市体育中心（新建2025交付）,16000,2.4963,2.0432,2.2445,1.8577,2.1229,2024,https://zjjcmspublicnew.oss-cn-hangzhou-zwynet-d01-a.internet.cloud.zj.gov.cn/cms_files/jcms1/web3077/site/flash/tjj/Reports1/2025%E6%B5%99%E6%B1%9F%E7%BB%9F%E8%AE%A1%E5%B9%B4%E9%89%B4/indexcn.html,A_core; aux_verified,A-grade yearbook core indicators; rail/airport/stadium fields from manual lookup; aux_quality=verified; 德国GMP设计；原龙港体育馆(3800座)
永嘉县,永嘉县队,county,温州,28.1539,120.6919,88.64,606.35,54.48,68630.0,2994.0,110.0,2172.0,,277461.0,3269,温州北站,温州龙湾国际机场,30,永嘉县体育馆,5000,2.9812,2.2842,4.1601,2.7448,2.9483,2024,https://zjjcmspublicnew.oss-cn-hangzhou-zwynet-d01-a.internet.cloud.zj.gov.cn/cms_files/jcms1/web3077/site/flash/tjj/Reports1/2025%E6%B5%99%E6%B1%9F%E7%BB%9F%E8%AE%A1%E5%B9%B4%E9%89%B4/indexcn.html,A_core; aux_verified,A-grade yearbook core indicators; rail/airport/stadium fields from manual lookup; aux_quality=verified; 杭温高铁2024开通；体育场(3000座)
平阳县,平阳县队,county,温州,27.6619,120.5658,87.74,777.46,58.58,88954.0,1737.0,47.0,305.0,,211835.0,3324,平阳站,温州龙湾国际机场,55,平阳县体育中心体育场（在建）,15000,2.9732,2.4762,3.532,2.7609,2.9623,2024,https://zjjcmspublicnew.oss-cn-hangzhou-zwynet-d01-a.internet.cloud.zj.gov.cn/cms_files/jcms1/web3077/site/flash/tjj/Reports1/2025%E6%B5%99%E6%B1%9F%E7%BB%9F%E8%AE%A1%E5%B9%B4%E9%89%B4/indexcn.html,A_core; aux_verified(在建),A-grade yearbook core indicators; rail/airport/stadium fields from manual lookup; aux_quality=verified(在建); 沿海高铁经停；体育馆(3558座)
苍南县,苍南县队,county,温州,27.5186,120.4258,85.1,543.24,61.92,63911.0,1641.0,53.0,149.0,,211505.0,2724,苍南站,温州龙湾国际机场,70,苍南县体育中心体育馆,3876,2.9492,2.1994,3.4182,2.5758,2.7957,2024,https://zjjcmspublicnew.oss-cn-hangzhou-zwynet-d01-a.internet.cloud.zj.gov.cn/cms_files/jcms1/web3077/site/flash/tjj/Reports1/2025%E6%B5%99%E6%B1%9F%E7%BB%9F%E8%AE%A1%E5%B9%B4%E9%89%B4/indexcn.html,A_core; aux_verified,A-grade yearbook core indicators; rail/airport/stadium fields from manual lookup; aux_quality=verified; 沿海高铁经停
文成县,文成县队,county,温州,27.7869,120.0915,29.3,165.75,14.73,56666.0,1746.0,69.0,203.0,,58241.0,1262,无铁路客运站,温州龙湾国际机场,90,文成县体育中心体育馆,1848,2.1197,1.2845,3.3631,1.9374,2.1519,2024,https://zjjcmspublicnew.oss-cn-hangzhou-zwynet-d01-a.internet.cloud.zj.gov.cn/cms_files/jcms1/web3077/site/flash/tjj/Reports1/2025%E6%B5%99%E6%B1%9F%E7%BB%9F%E8%AE%A1%E5%B9%B4%E9%89%B4/indexcn.html,A_core; aux_verified,A-grade yearbook core indicators; rail/airport/stadium fields from manual lookup; aux_quality=verified; 山区县
泰顺县,泰顺县队,county,温州,27.5573,119.7162,27.05,184.0,13.87,68149.0,2390.0,34.0,312.0,,62224.0,1229,无铁路客运站,温州龙湾国际机场,110,泰顺县体育中心体育馆,3700,2.0584,1.3649,3.3933,1.9225,2.1298,2024,https://zjjcmspublicnew.oss-cn-hangzhou-zwynet-d01-a.internet.cloud.zj.gov.cn/cms_files/jcms1/web3077/site/flash/tjj/Reports1/2025%E6%B5%99%E6%B1%9F%E7%BB%9F%E8%AE%A1%E5%B9%B4%E9%89%B4/indexcn.html,A_core; aux_verified,A-grade yearbook core indicators; rail/airport/stadium fields from manual lookup; aux_quality=verified; 山区县；体育场(2000座)
嘉兴市,嘉兴市队,city,嘉兴,30.7469,120.7555,159.5,2064.15,128.59,129414.0,1813.0,128.0,239.0,322.0,,5788,嘉兴南站/嘉兴站,杭州萧山国际机场,90,嘉兴市体育中心体育场,33000,3.4439,3.2307,3.0849,3.2605,3.4265,2024,https://zjjcmspublicnew.oss-cn-hangzhou-zwynet-d01-a.internet.cloud.zj.gov.cn/cms_files/jcms1/web3077/site/flash/tjj/Reports1/2025%E6%B5%99%E6%B1%9F%E7%BB%9F%E8%AE%A1%E5%B9%B4%E9%89%B4/indexcn.html,A_core; aux_verified,A-grade yearbook core indicators; rail/airport/stadium fields from manual lookup; aux_quality=verified; 嘉兴南湖机场(4E)在建中
海宁市,海宁市队,county,嘉兴,30.5255,120.6813,110.86,1397.16,79.84,126097.0,1475.0,108.0,116.0,1363.0,361552.0,4816,海宁西站/海宁站,杭州萧山国际机场,65,海宁市体育中心体育馆,5000,3.1571,2.9291,4.773,3.099,3.2726,2024,https://zjjcmspublicnew.oss-cn-hangzhou-zwynet-d01-a.internet.cloud.zj.gov.cn/cms_files/jcms1/web3077/site/flash/tjj/Reports1/2025%E6%B5%99%E6%B1%9F%E7%BB%9F%E8%AE%A1%E5%B9%B4%E9%89%B4/indexcn.html,A_core; aux_verified,A-grade yearbook core indicators; rail/airport/stadium fields from manual lookup; aux_quality=verified; 沪杭高铁经停；主体育场(30000座)规划中
平湖市,平湖市队,county,嘉兴,30.6759,121.0160,69.65,1078.27,49.6,155259.0,1060.0,44.0,154.0,,224837.0,3074,嘉善南站(最近),上海虹桥国际机场,75,平湖市体育中心体育馆,,2.7921,2.7289,3.3074,2.6989,2.8968,2024,https://zjjcmspublicnew.oss-cn-hangzhou-zwynet-d01-a.internet.cloud.zj.gov.cn/cms_files/jcms1/web3077/site/flash/tjj/Reports1/2025%E6%B5%99%E6%B1%9F%E7%BB%9F%E8%AE%A1%E5%B9%B4%E9%89%B4/indexcn.html,A_core; aux_partial,A-grade yearbook core indicators; rail/airport/stadium fields from manual lookup; aux_quality=partial; 无铁路站；沪乍杭铁路规划中；场馆容量待确认
桐乡市,桐乡市队,county,嘉兴,30.6307,120.5651,106.27,1347.11,75.17,126847.0,1375.0,47.0,205.0,,396543.0,3963,桐乡站,杭州萧山国际机场,60,桐乡市全民健身中心暨李宁体育园,3000,3.1238,2.9009,3.4949,2.9179,3.1094,2024,https://zjjcmspublicnew.oss-cn-hangzhou-zwynet-d01-a.internet.cloud.zj.gov.cn/cms_files/jcms1/web3077/site/flash/tjj/Reports1/2025%E6%B5%99%E6%B1%9F%E7%BB%9F%E8%AE%A1%E5%B9%B4%E9%89%B4/indexcn.html,A_core; aux_verified,A-grade yearbook core indicators; rail/airport/stadium fields from manual lookup; aux_quality=verified; 沪杭高铁经停；老体育馆(2000座)
嘉善县,嘉善县队,county,嘉兴,30.8309,120.9258,66.83,958.29,51.36,143887.0,846.0,62.0,83.0,,217275.0,2593,嘉善南站/嘉善站,上海虹桥国际机场,65,嘉善县体育馆,3100,2.7598,2.6377,3.2078,2.5419,2.7544,2024,https://zjjcmspublicnew.oss-cn-hangzhou-zwynet-d01-a.internet.cloud.zj.gov.cn/cms_files/jcms1/web3077/site/flash/tjj/Reports1/2025%E6%B5%99%E6%B1%9F%E7%BB%9F%E8%AE%A1%E5%B9%B4%E9%89%B4/indexcn.html,A_core; aux_verified,A-grade yearbook core indicators; rail/airport/stadium fields from manual lookup; aux_quality=verified; 沪杭高铁经停；体育场(5000座)
海盐县,海盐县队,county,嘉兴,30.5260,120.9458,47.69,725.37,33.05,153031.0,1005.0,40.0,33.0,,173954.0,1850,嘉兴南站(最近),杭州萧山国际机场,85,海盐职教中心竞技体育馆,3500,2.4964,2.4226,2.9885,2.2482,2.4719,2024,https://zjjcmspublicnew.oss-cn-hangzhou-zwynet-d01-a.internet.cloud.zj.gov.cn/cms_files/jcms1/web3077/site/flash/tjj/Reports1/2025%E6%B5%99%E6%B1%9F%E7%BB%9F%E8%AE%A1%E5%B9%B4%E9%89%B4/indexcn.html,A_core; aux_verified,A-grade yearbook core indicators; rail/airport/stadium fields from manual lookup; aux_quality=verified; 无铁路站；新建万人体育场(10000座)2024竣工
湖州市,湖州市队,city,湖州,30.8943,120.0868,161.2,1887.5,118.80000000000001,117091.0,2198.0,162.0,200.0,,,4642,湖州站,杭州萧山国际机场,100,湖州奥体中心体育场（百合体育场）,40000,3.4522,3.1616,2.1498,3.0536,3.2418,2024,https://zjjcmspublicnew.oss-cn-hangzhou-zwynet-d01-a.internet.cloud.zj.gov.cn/cms_files/jcms1/web3077/site/flash/tjj/Reports1/2025%E6%B5%99%E6%B1%9F%E7%BB%9F%E8%AE%A1%E5%B9%B4%E9%89%B4/indexcn.html,A_core; aux_verified,A-grade yearbook core indicators; rail/airport/stadium fields from manual lookup; aux_quality=verified; IAAF一级场地；宁杭高铁经停
德清县,德清县队,county,湖州,30.5425,119.9774,56.1,722.54,36.1,129256.0,1325.0,109.0,127.0,,160318.0,1961,德清站/德清西站,杭州萧山国际机场,65,德清县体育中心体育场,20000,2.623,2.4196,3.4315,2.2911,2.5207,2024,https://zjjcmspublicnew.oss-cn-hangzhou-zwynet-d01-a.internet.cloud.zj.gov.cn/cms_files/jcms1/web3077/site/flash/tjj/Reports1/2025%E6%B5%99%E6%B1%9F%E7%BB%9F%E8%AE%A1%E5%B9%B4%E9%89%B4/indexcn.html,A_core; aux_verified,A-grade yearbook core indicators; rail/airport/stadium fields from manual lookup; aux_quality=verified; 亚运排球场地；宁杭高铁经停
长兴县,长兴县队,county,湖州,31.0266,119.9101,68.8,927.75,45.5,135438.0,2292.0,133.0,53.0,,221815.0,1936,长兴站/长兴南站,杭州萧山国际机场,130,长兴县体育馆,1591,2.7825,2.6127,3.4762,2.2667,2.5099,2024,https://zjjcmspublicnew.oss-cn-hangzhou-zwynet-d01-a.internet.cloud.zj.gov.cn/cms_files/jcms1/web3077/site/flash/tjj/Reports1/2025%E6%B5%99%E6%B1%9F%E7%BB%9F%E8%AE%A1%E5%B9%B4%E9%89%B4/indexcn.html,A_core; aux_verified,A-grade yearbook core indicators; rail/airport/stadium fields from manual lookup; aux_quality=verified; 宁杭高铁经停；体育场改造中(5000座看台)
安吉县,安吉县队,county,湖州,30.6388,119.6804,60.4,675.57,37.9,112221.0,2368.0,93.0,72.0,,191134.0,2334,安吉站,杭州萧山国际机场,110,安吉县龙山体育中心体育馆,3500,2.6806,2.3677,3.4551,2.4493,2.6664,2024,https://zjjcmspublicnew.oss-cn-hangzhou-zwynet-d01-a.internet.cloud.zj.gov.cn/cms_files/jcms1/web3077/site/flash/tjj/Reports1/2025%E6%B5%99%E6%B1%9F%E7%BB%9F%E8%AE%A1%E5%B9%B4%E9%89%B4/indexcn.html,A_core; aux_verified,A-grade yearbook core indicators; rail/airport/stadium fields from manual lookup; aux_quality=verified; 商合杭高铁经停
绍兴市,绍兴市队,city,绍兴,30.0303,120.5802,307.82000000000005,5047.22,249.79999999999998,163967.0,3612.0,232.0,774.0,,1090200.0,10189,绍兴北站/绍兴站,杭州萧山国际机场,35,绍兴市轻纺城体育中心体育场,30000,3.9637,3.922,4.3259,3.7783,3.8998,2024,https://zjjcmspublicnew.oss-cn-hangzhou-zwynet-d01-a.internet.cloud.zj.gov.cn/cms_files/jcms1/web3077/site/flash/tjj/Reports1/2025%E6%B5%99%E6%B1%9F%E7%BB%9F%E8%AE%A1%E5%B9%B4%E9%89%B4/indexcn.html,A_core; aux_partial,A-grade yearbook core indicators; rail/airport/stadium fields from manual lookup; aux_quality=partial; 杭甬高铁经停；奥体中心体育馆(9880座)
诸暨市,诸暨市队,county,绍兴,29.7136,120.2363,123.82,1861.08,82.89,150878.0,2656.0,163.0,328.0,,424100.0,5120,诸暨站,义乌机场,60,诸暨市体育中心体育场,10000,3.2442,3.1507,3.9334,3.1527,3.3238,2024,https://zjjcmspublicnew.oss-cn-hangzhou-zwynet-d01-a.internet.cloud.zj.gov.cn/cms_files/jcms1/web3077/site/flash/tjj/Reports1/2025%E6%B5%99%E6%B1%9F%E7%BB%9F%E8%AE%A1%E5%B9%B4%E9%89%B4/indexcn.html,A_core; aux_verified,A-grade yearbook core indicators; rail/airport/stadium fields from manual lookup; aux_quality=verified; 沪昆高铁经停；西施篮球中心(18000座)为篮球馆
嵊州市,嵊州市队,county,绍兴,29.5885,120.8217,69.81,800.25,43.79,114896.0,2229.0,142.0,143.0,,197700.0,2776,嵊州新昌站,宁波栎社国际机场,80,嵊州市体育中心体育场,3000,2.7939,2.4985,3.634,2.6033,2.8115,2024,https://zjjcmspublicnew.oss-cn-hangzhou-zwynet-d01-a.internet.cloud.zj.gov.cn/cms_files/jcms1/web3077/site/flash/tjj/Reports1/2025%E6%B5%99%E6%B1%9F%E7%BB%9F%E8%AE%A1%E5%B9%B4%E9%89%B4/indexcn.html,A_core; aux_verified,A-grade yearbook core indicators; rail/airport/stadium fields from manual lookup; aux_quality=verified; 杭台高铁经停
新昌县,新昌县队,county,绍兴,29.4998,120.9039,41.45,660.06,27.71,159627.0,1440.0,57.0,110.0,,119100.0,1972,嵊州新昌站,宁波栎社国际机场,80,新昌县小球中心体育馆,5018,2.3875,2.3498,3.2777,2.3195,2.5254,2024,https://zjjcmspublicnew.oss-cn-hangzhou-zwynet-d01-a.internet.cloud.zj.gov.cn/cms_files/jcms1/web3077/site/flash/tjj/Reports1/2025%E6%B5%99%E6%B1%9F%E7%BB%9F%E8%AE%A1%E5%B9%B4%E9%89%B4/indexcn.html,A_core; aux_verified,A-grade yearbook core indicators; rail/airport/stadium fields from manual lookup; aux_quality=verified; 杭台高铁经停；2025新建甲级综合馆
金华市,金华市队,city,金华,29.0790,119.6474,150.9,1287.25,113.53,85305.0,2817.0,82.0,276.0,2040.0,,7229,金华站/金华南站,义乌机场,55,金华市体育中心体育场,30000,3.4001,2.8657,3.4426,3.4701,3.6125,2024,https://zjjcmspublicnew.oss-cn-hangzhou-zwynet-d01-a.internet.cloud.zj.gov.cn/cms_files/jcms1/web3077/site/flash/tjj/Reports1/2025%E6%B5%99%E6%B1%9F%E7%BB%9F%E8%AE%A1%E5%B9%B4%E9%89%B4/indexcn.html,A_core; aux_verified,A-grade yearbook core indicators; rail/airport/stadium fields from manual lookup; aux_quality=verified; 亚运足球/藤球场地
兰溪市,兰溪市队,county,金华,29.2084,119.4605,58.4,554.82,34.4,95248.0,1596.0,36.0,74.0,,155856.0,2813,兰溪站,义乌机场,85,兰溪市体育中心田径场看台,5000,2.6543,2.2156,3.1904,2.6263,2.8226,2024,https://zjjcmspublicnew.oss-cn-hangzhou-zwynet-d01-a.internet.cloud.zj.gov.cn/cms_files/jcms1/web3077/site/flash/tjj/Reports1/2025%E6%B5%99%E6%B1%9F%E7%BB%9F%E8%AE%A1%E5%B9%B4%E9%89%B4/indexcn.html,A_core; aux_partial,A-grade yearbook core indicators; rail/airport/stadium fields from manual lookup; aux_quality=partial; 金千铁路经停(客运班次少)；体育馆(3060座)
义乌市,义乌市队,county,金华,29.3069,120.0750,191.8,2503.51,159.39,131040.0,1493.0,76.0,229.0,1774.0,948435.0,5183,义乌站,义乌机场,10,义乌市梅湖体育中心体育场,35260,3.5895,3.3799,5.0,3.1529,3.3341,2024,https://zjjcmspublicnew.oss-cn-hangzhou-zwynet-d01-a.internet.cloud.zj.gov.cn/cms_files/jcms1/web3077/site/flash/tjj/Reports1/2025%E6%B5%99%E6%B1%9F%E7%BB%9F%E8%AE%A1%E5%B9%B4%E9%89%B4/indexcn.html,A_core; aux_verified,A-grade yearbook core indicators; rail/airport/stadium fields from manual lookup; aux_quality=verified; 沪昆高铁/杭温高铁经停
东阳市,东阳市队,county,金华,29.2896,120.2419,109.5,875.14,77.53,79995.0,2405.0,129.0,144.0,1021.0,409705.0,4001,横店站,义乌机场,35,东阳市体育中心体育馆,5465,3.1474,2.5676,4.9107,2.9258,3.1174,2024,https://zjjcmspublicnew.oss-cn-hangzhou-zwynet-d01-a.internet.cloud.zj.gov.cn/cms_files/jcms1/web3077/site/flash/tjj/Reports1/2025%E6%B5%99%E6%B1%9F%E7%BB%9F%E8%AE%A1%E5%B9%B4%E9%89%B4/indexcn.html,A_core; aux_verified,A-grade yearbook core indicators; rail/airport/stadium fields from manual lookup; aux_quality=verified; 杭温高铁2024开通；体育场(~22000座)在建
永康市,永康市队,county,金华,28.8885,120.0477,98.1,835.53,68.38,85432.0,1278.0,58.0,89.0,,419654.0,3470,永康南站,义乌机场,90,永康市体育馆,2600,3.0609,2.5318,3.3805,2.7965,2.9982,2024,https://zjjcmspublicnew.oss-cn-hangzhou-zwynet-d01-a.internet.cloud.zj.gov.cn/cms_files/jcms1/web3077/site/flash/tjj/Reports1/2025%E6%B5%99%E6%B1%9F%E7%BB%9F%E8%AE%A1%E5%B9%B4%E9%89%B4/indexcn.html,A_core; aux_partial,A-grade yearbook core indicators; rail/airport/stadium fields from manual lookup; aux_quality=partial; 金温铁路经停；未查到大型体育场数据
武义县,武义县队,county,金华,28.8926,119.8165,47.4,394.21,31.33,83608.0,1437.0,26.0,342.0,,147479.0,1677,武义北站/武义站,义乌机场,60,武义县文体中心体育馆(新建),3000,2.4917,1.9519,3.3666,2.1567,2.3898,2024,https://zjjcmspublicnew.oss-cn-hangzhou-zwynet-d01-a.internet.cloud.zj.gov.cn/cms_files/jcms1/web3077/site/flash/tjj/Reports1/2025%E6%B5%99%E6%B1%9F%E7%BB%9F%E8%AE%A1%E5%B9%B4%E9%89%B4/indexcn.html,A_core; aux_verified(在建),A-grade yearbook core indicators; rail/airport/stadium fields from manual lookup; aux_quality=verified(在建); 沪昆高铁经停；2025年底交付
浦江县,浦江县队,county,金华,29.4525,119.8926,46.9,320.24,30.44,68574.0,926.0,13.0,92.0,,160933.0,2274,浦江站,义乌机场,25,浦江县体育中心体育场,15050,2.4834,1.7916,2.9494,2.4427,2.6446,2024,https://zjjcmspublicnew.oss-cn-hangzhou-zwynet-d01-a.internet.cloud.zj.gov.cn/cms_files/jcms1/web3077/site/flash/tjj/Reports1/2025%E6%B5%99%E6%B1%9F%E7%BB%9F%E8%AE%A1%E5%B9%B4%E9%89%B4/indexcn.html,A_core; aux_verified,A-grade yearbook core indicators; rail/airport/stadium fields from manual lookup; aux_quality=verified; 杭温高铁2024开通
磐安县,磐安县队,county,金华,29.0540,120.4502,17.9,154.81,10.01,86487.0,1231.0,21.0,93.0,,44961.0,822,磐安站,义乌机场,95,磐安县文体中心,3000,1.7448,1.2321,2.9258,1.6093,1.7934,2024,https://zjjcmspublicnew.oss-cn-hangzhou-zwynet-d01-a.internet.cloud.zj.gov.cn/cms_files/jcms1/web3077/site/flash/tjj/Reports1/2025%E6%B5%99%E6%B1%9F%E7%BB%9F%E8%AE%A1%E5%B9%B4%E9%89%B4/indexcn.html,A_core; aux_partial,A-grade yearbook core indicators; rail/airport/stadium fields from manual lookup; aux_quality=partial; 杭温高铁2024开通；体育馆座位数待确认
衢州市,衢州市队,city,衢州,28.9701,118.8593,92.9,1068.48,63.31,115014.0,2550.0,65.0,,,263051.0,3869,衢州站,衢州机场,3,衢州市体育中心体育场,30000,3.0181,2.7218,2.7194,2.9006,3.0893,2024,https://zjjcmspublicnew.oss-cn-hangzhou-zwynet-d01-a.internet.cloud.zj.gov.cn/cms_files/jcms1/web3077/site/flash/tjj/Reports1/2025%E6%B5%99%E6%B1%9F%E7%BB%9F%E8%AE%A1%E5%B9%B4%E9%89%B4/indexcn.html,A_core; aux_verified,A-grade yearbook core indicators; rail/airport/stadium fields from manual lookup; aux_quality=verified; MAD设计鲁班奖；体育馆(10000座)在建
江山市,江山市队,county,衢州,28.7373,118.6269,49.2,430.47,30.95,87229.0,1856.0,76.0,187.0,,135872.0,2439,江山站,衢州机场,40,江山虎山运动公园体育馆,4000,2.5207,2.0198,3.4869,2.5046,2.7032,2024,https://zjjcmspublicnew.oss-cn-hangzhou-zwynet-d01-a.internet.cloud.zj.gov.cn/cms_files/jcms1/web3077/site/flash/tjj/Reports1/2025%E6%B5%99%E6%B1%9F%E7%BB%9F%E8%AE%A1%E5%B9%B4%E9%89%B4/indexcn.html,A_core; aux_partial,A-grade yearbook core indicators; rail/airport/stadium fields from manual lookup; aux_quality=partial; 沪昆高铁经停；配套2025亚举赛
常山县,常山县队,county,衢州,28.9015,118.5112,26.4,223.32,14.28,84114.0,1162.0,89.0,95.0,,69112.0,1414,常山站,衢州机场,45,常山县体育馆,,2.0398,1.5139,3.2125,2.0568,2.2471,2024,https://zjjcmspublicnew.oss-cn-hangzhou-zwynet-d01-a.internet.cloud.zj.gov.cn/cms_files/jcms1/web3077/site/flash/tjj/Reports1/2025%E6%B5%99%E6%B1%9F%E7%BB%9F%E8%AE%A1%E5%B9%B4%E9%89%B4/indexcn.html,A_core; aux_partial,A-grade yearbook core indicators; rail/airport/stadium fields from manual lookup; aux_quality=partial; 衢九铁路经停；容量待确认
开化县,开化县队,county,衢州,29.1365,118.4144,24.5,203.07,13.5,83055.0,1617.0,112.0,1254.0,,60302.0,1336,开化站,衢州机场,65,开化县综合体育中心（在建）,3000,1.9827,1.4407,3.7429,2.0138,2.1996,2024,https://zjjcmspublicnew.oss-cn-hangzhou-zwynet-d01-a.internet.cloud.zj.gov.cn/cms_files/jcms1/web3077/site/flash/tjj/Reports1/2025%E6%B5%99%E6%B1%9F%E7%BB%9F%E8%AE%A1%E5%B9%B4%E9%89%B4/indexcn.html,A_core; aux_verified(在建),A-grade yearbook core indicators; rail/airport/stadium fields from manual lookup; aux_quality=verified(在建); 衢九铁路经停；占旭刚体育馆(老馆)
龙游县,龙游县队,county,衢州,29.0283,119.1725,36.9,337.52,20.63,91718.0,1512.0,80.0,147.0,,92060.0,2651,龙游站,衢州机场,30,龙游县体育馆,,2.2974,1.8322,3.3612,2.6073,2.773,2024,https://zjjcmspublicnew.oss-cn-hangzhou-zwynet-d01-a.internet.cloud.zj.gov.cn/cms_files/jcms1/web3077/site/flash/tjj/Reports1/2025%E6%B5%99%E6%B1%9F%E7%BB%9F%E8%AE%A1%E5%B9%B4%E9%89%B4/indexcn.html,A_core; aux_partial,A-grade yearbook core indicators; rail/airport/stadium fields from manual lookup; aux_quality=partial; 沪昆高铁经停；龙游瀫三馆在建
舟山市,舟山市队,city,舟山,29.9853,122.2072,89.7,1260.92,67.9,140571.0,1421.0,70.0,,,,2502,无铁路客运站,舟山普陀山机场,20,舟山体育场（黄龙舟山分中心）,21600,2.9905,2.8498,1.0102,2.4939,2.7245,2024,https://zjjcmspublicnew.oss-cn-hangzhou-zwynet-d01-a.internet.cloud.zj.gov.cn/cms_files/jcms1/web3077/site/flash/tjj/Reports1/2025%E6%B5%99%E6%B1%9F%E7%BB%9F%E8%AE%A1%E5%B9%B4%E9%89%B4/indexcn.html,A_core; aux_verified,A-grade yearbook core indicators; rail/airport/stadium fields from manual lookup; aux_quality=verified; 海岛城市；甬舟铁路在建
岱山县,岱山县队,county,舟山,30.2437,122.2018,21.5,793.51,15.7,370798.0,398.0,,,,30264.0,501,无铁路客运站,舟山普陀山机场,55,岱山县体育馆,,1.8833,2.492,1.3322,1.1156,1.3796,2024,https://zjjcmspublicnew.oss-cn-hangzhou-zwynet-d01-a.internet.cloud.zj.gov.cn/cms_files/jcms1/web3077/site/flash/tjj/Reports1/2025%E6%B5%99%E6%B1%9F%E7%BB%9F%E8%AE%A1%E5%B9%B4%E9%89%B4/indexcn.html,A_core; aux_partial,A-grade yearbook core indicators; rail/airport/stadium fields from manual lookup; aux_quality=partial; 海岛县；容量待确认
嵊泗县,嵊泗县队,county,舟山,30.7272,122.4513,6.4,172.36,4.4,267224.0,195.0,,,,7379.0,318,无铁路客运站,上海浦东国际机场,80,嵊泗县体育馆,,1.0,1.3146,1.0,1.0,1.0,2024,https://zjjcmspublicnew.oss-cn-hangzhou-zwynet-d01-a.internet.cloud.zj.gov.cn/cms_files/jcms1/web3077/site/flash/tjj/Reports1/2025%E6%B5%99%E6%B1%9F%E7%BB%9F%E8%AE%A1%E5%B9%B4%E9%89%B4/indexcn.html,A_core; aux_partial,A-grade yearbook core indicators; rail/airport/stadium fields from manual lookup; aux_quality=partial; 偏远海岛县；舟山机场约90km
台州市,台州市队,city,台州,28.6564,121.4208,222.7,2345.27,163.5,105311.0,2291.0,59.0,194.0,,825175.0,7739,台州站/台州西站,台州路桥机场,15,台州市体育中心体育场,42000,3.7076,3.3294,3.7263,3.5256,3.6696,2024,https://zjjcmspublicnew.oss-cn-hangzhou-zwynet-d01-a.internet.cloud.zj.gov.cn/cms_files/jcms1/web3077/site/flash/tjj/Reports1/2025%E6%B5%99%E6%B1%9F%E7%BB%9F%E8%AE%A1%E5%B9%B4%E9%89%B4/indexcn.html,A_core; aux_verified,A-grade yearbook core indicators; rail/airport/stadium fields from manual lookup; aux_quality=verified; 杭台高铁/甬台温铁路经停
温岭市,温岭市队,county,台州,28.3725,121.3859,145.8,1417.63,99.73,97802.0,2124.0,78.0,146.0,,502877.0,5903,温岭站,台州路桥机场,32,温岭市体育中心体育场,20000,3.373,2.9403,3.6455,3.2812,3.4429,2024,https://zjjcmspublicnew.oss-cn-hangzhou-zwynet-d01-a.internet.cloud.zj.gov.cn/cms_files/jcms1/web3077/site/flash/tjj/Reports1/2025%E6%B5%99%E6%B1%9F%E7%BB%9F%E8%AE%A1%E5%B9%B4%E9%89%B4/indexcn.html,A_core; aux_verified,A-grade yearbook core indicators; rail/airport/stadium fields from manual lookup; aux_quality=verified; 沿海高铁经停；体育馆(3000座)
临海市,临海市队,county,台州,28.8584,121.1447,111.1,971.68,61.77,87539.0,2451.0,134.0,93.0,,344752.0,4343,临海站/临海南站,台州路桥机场,48,临海体育馆（灵湖体育馆）,5300,3.1588,2.6484,3.6428,3.0021,3.1861,2024,https://zjjcmspublicnew.oss-cn-hangzhou-zwynet-d01-a.internet.cloud.zj.gov.cn/cms_files/jcms1/web3077/site/flash/tjj/Reports1/2025%E6%B5%99%E6%B1%9F%E7%BB%9F%E8%AE%A1%E5%B9%B4%E9%89%B4/indexcn.html,A_core; aux_verified,A-grade yearbook core indicators; rail/airport/stadium fields from manual lookup; aux_quality=verified; 杭台高铁/甬台温铁路经停；无独立大型体育场
玉环市,玉环市队,county,台州,28.1359,121.2318,64.3,795.06,48.8,123648.0,836.0,32.0,108.0,,215206.0,2522,温岭站(最近),台州路桥机场,45,玉环奥体中心体育场,20000,2.7296,2.4935,3.1382,2.5181,2.7312,2024,https://zjjcmspublicnew.oss-cn-hangzhou-zwynet-d01-a.internet.cloud.zj.gov.cn/cms_files/jcms1/web3077/site/flash/tjj/Reports1/2025%E6%B5%99%E6%B1%9F%E7%BB%9F%E8%AE%A1%E5%B9%B4%E9%89%B4/indexcn.html,A_core; aux_verified,A-grade yearbook core indicators; rail/airport/stadium fields from manual lookup; aux_quality=verified; 无铁路客运站；2023新建奥体
三门县,三门县队,county,台州,29.1049,121.3957,38.8,386.26,22.89,99680.0,1368.0,55.0,23.0,,105173.0,1449,三门县站,宁波栎社国际机场,70,三门县体育中心主体育场,25000,2.3363,1.9362,2.9835,2.037,2.2675,2024,https://zjjcmspublicnew.oss-cn-hangzhou-zwynet-d01-a.internet.cloud.zj.gov.cn/cms_files/jcms1/web3077/site/flash/tjj/Reports1/2025%E6%B5%99%E6%B1%9F%E7%BB%9F%E8%AE%A1%E5%B9%B4%E9%89%B4/indexcn.html,A_core; aux_partial,A-grade yearbook core indicators; rail/airport/stadium fields from manual lookup; aux_quality=partial; 沿海高铁经停；体育馆(3600座)
天台县,天台县队,county,台州,29.1430,121.0073,46.8,391.67,27.5,83601.0,1980.0,69.0,61.0,,119344.0,2137,天台山站,台州路桥机场,95,天台县人民体育场,1500,2.4818,1.9469,3.2785,2.3846,2.5926,2024,https://zjjcmspublicnew.oss-cn-hangzhou-zwynet-d01-a.internet.cloud.zj.gov.cn/cms_files/jcms1/web3077/site/flash/tjj/Reports1/2025%E6%B5%99%E6%B1%9F%E7%BB%9F%E8%AE%A1%E5%B9%B4%E9%89%B4/indexcn.html,A_core; aux_partial,A-grade yearbook core indicators; rail/airport/stadium fields from manual lookup; aux_quality=partial; 杭台高铁经停；西部全民健身中心在建
仙居县,仙居县队,county,台州,28.8467,120.7288,43.4,349.04,24.78,80517.0,2020.0,106.0,32.0,,121844.0,2335,仙居站,台州路桥机场,90,仙居全民体育馆,,2.4232,1.858,3.2502,2.4737,2.6667,2024,https://zjjcmspublicnew.oss-cn-hangzhou-zwynet-d01-a.internet.cloud.zj.gov.cn/cms_files/jcms1/web3077/site/flash/tjj/Reports1/2025%E6%B5%99%E6%B1%9F%E7%BB%9F%E8%AE%A1%E5%B9%B4%E9%89%B4/indexcn.html,A_core; aux_partial,A-grade yearbook core indicators; rail/airport/stadium fields from manual lookup; aux_quality=partial; 杭温高铁2024开通；全民健身型、无大型看台
丽水市,丽水市队,city,丽水,28.4676,119.9228,57.87,596.86,45.59,103138.0,1272.0,69.0,286.0,,146892.0,2622,丽水站,丽水机场(在建),15,丽水市体育中心体育场,19000,2.6472,2.272,3.4722,2.561,2.7637,2024,https://zjjcmspublicnew.oss-cn-hangzhou-zwynet-d01-a.internet.cloud.zj.gov.cn/cms_files/jcms1/web3077/site/flash/tjj/Reports1/2025%E6%B5%99%E6%B1%9F%E7%BB%9F%E8%AE%A1%E5%B9%B4%E9%89%B4/indexcn.html,A_core; aux_verified,A-grade yearbook core indicators; rail/airport/stadium fields from manual lookup; aux_quality=verified; 丽水机场计划2025通航
龙泉市,龙泉市队,county,丽水,28.0743,119.1415,25.2,201.48,17.83,79954.0,2510.0,89.0,106.0,,63556.0,1369,龙泉市站,衢州机场,160,龙泉市体育馆,3089,2.0042,1.4347,3.3844,2.0328,2.22,2024,https://zjjcmspublicnew.oss-cn-hangzhou-zwynet-d01-a.internet.cloud.zj.gov.cn/cms_files/jcms1/web3077/site/flash/tjj/Reports1/2025%E6%B5%99%E6%B1%9F%E7%BB%9F%E8%AE%A1%E5%B9%B4%E9%89%B4/indexcn.html,A_core; aux_verified,A-grade yearbook core indicators; rail/airport/stadium fields from manual lookup; aux_quality=verified; 衢宁铁路经停；体育场(5000座)在建
青田县,青田县队,county,丽水,28.1380,120.2896,51.75,319.99,29.42,61835.0,2368.0,67.0,21.0,,69623.0,2458,青田站,温州龙湾国际机场,55,青田县体育中心体育馆,4400,2.56,1.791,3.066,2.5081,2.7097,2024,https://zjjcmspublicnew.oss-cn-hangzhou-zwynet-d01-a.internet.cloud.zj.gov.cn/cms_files/jcms1/web3077/site/flash/tjj/Reports1/2025%E6%B5%99%E6%B1%9F%E7%BB%9F%E8%AE%A1%E5%B9%B4%E9%89%B4/indexcn.html,A_core; aux_verified,A-grade yearbook core indicators; rail/airport/stadium fields from manual lookup; aux_quality=verified; 金温铁路经停；2022年启用
缙云县,缙云县队,county,丽水,28.6593,120.0916,40.86,342.42,25.37,83825.0,1438.0,35.0,29.0,,100997.0,1535,缙云西站,义乌机场,65,,,2.3764,1.8433,2.9517,2.0863,2.3158,2024,https://zjjcmspublicnew.oss-cn-hangzhou-zwynet-d01-a.internet.cloud.zj.gov.cn/cms_files/jcms1/web3077/site/flash/tjj/Reports1/2025%E6%B5%99%E6%B1%9F%E7%BB%9F%E8%AE%A1%E5%B9%B4%E9%89%B4/indexcn.html,A_core; aux_partial,A-grade yearbook core indicators; rail/airport/stadium fields from manual lookup; aux_quality=partial; 金温高铁经停；未查到具体场馆数据
遂昌县,遂昌县队,county,丽水,28.5921,119.2761,19.36,194.35,11.52,100438.0,1824.0,29.0,191.0,,42312.0,888,遂昌站,衢州机场,95,遂昌县全民健身中心体育场,7000,1.8039,1.407,3.1766,1.6679,1.858,2024,https://zjjcmspublicnew.oss-cn-hangzhou-zwynet-d01-a.internet.cloud.zj.gov.cn/cms_files/jcms1/web3077/site/flash/tjj/Reports1/2025%E6%B5%99%E6%B1%9F%E7%BB%9F%E8%AE%A1%E5%B9%B4%E9%89%B4/indexcn.html,A_core; aux_partial,A-grade yearbook core indicators; rail/airport/stadium fields from manual lookup; aux_quality=partial; 衢宁铁路经停；体育馆(2740座)
松阳县,松阳县队,county,丽水,28.4489,119.4817,20.32,173.58,10.9,85507.0,1475.0,53.0,15.0,,42421.0,1260,松阳站,丽水机场(在建),70,松阳县体育中心,,1.8405,1.32,2.808,1.9872,2.1506,2024,https://zjjcmspublicnew.oss-cn-hangzhou-zwynet-d01-a.internet.cloud.zj.gov.cn/cms_files/jcms1/web3077/site/flash/tjj/Reports1/2025%E6%B5%99%E6%B1%9F%E7%BB%9F%E8%AE%A1%E5%B9%B4%E9%89%B4/indexcn.html,A_core; aux_partial,A-grade yearbook core indicators; rail/airport/stadium fields from manual lookup; aux_quality=partial; 衢宁铁路经停；体育场(煤渣跑道)
云和县,云和县队,county,丽水,28.1165,119.5734,12.64,118.37,9.52,93947.0,846.0,51.0,57.0,,28622.0,611,赤石站(客运有限),丽水机场(在建),60,云和县体育中心体育馆,,1.4857,1.026,2.8525,1.4042,1.5454,2024,https://zjjcmspublicnew.oss-cn-hangzhou-zwynet-d01-a.internet.cloud.zj.gov.cn/cms_files/jcms1/web3077/site/flash/tjj/Reports1/2025%E6%B5%99%E6%B1%9F%E7%BB%9F%E8%AE%A1%E5%B9%B4%E9%89%B4/indexcn.html,A_core; aux_partial,A-grade yearbook core indicators; rail/airport/stadium fields from manual lookup; aux_quality=partial; 衢宁铁路经停但客运少；体育馆免费开放
庆元县,庆元县队,county,丽水,27.6192,119.0626,14.12,114.42,9.74,81150.0,1508.0,21.0,57.0,,29093.0,988,庆元站,南平武夷山机场,140,庆元县体育馆,1300,1.5675,1.0,2.831,1.8286,1.9472,2024,https://zjjcmspublicnew.oss-cn-hangzhou-zwynet-d01-a.internet.cloud.zj.gov.cn/cms_files/jcms1/web3077/site/flash/tjj/Reports1/2025%E6%B5%99%E6%B1%9F%E7%BB%9F%E8%AE%A1%E5%B9%B4%E9%89%B4/indexcn.html,A_core; aux_partial,A-grade yearbook core indicators; rail/airport/stadium fields from manual lookup; aux_quality=partial; 衢宁铁路经停；距福建武夷山机场更近
景宁畲族自治县,景宁畲族自治县队,county,丽水,27.9733,119.6357,11.08,119.7,7.14,107836.0,1895.0,38.0,64.0,,26321.0,637,无铁路客运站,丽水机场(在建),85,景宁体育馆,1500,1.3893,1.0346,2.984,1.4759,1.5803,2024,https://zjjcmspublicnew.oss-cn-hangzhou-zwynet-d01-a.internet.cloud.zj.gov.cn/cms_files/jcms1/web3077/site/flash/tjj/Reports1/2025%E6%B5%99%E6%B1%9F%E7%BB%9F%E8%AE%A1%E5%B9%B4%E9%89%B4/indexcn.html,A_core; aux_partial,A-grade yearbook core indicators; rail/airport/stadium fields from manual lookup; aux_quality=partial; 无铁路
